Method	Route	Enqueued (GMT+5:30)	Started (GMT+5:30)	Startup Cold-start time. Zero means that the container was warm.	Execution	Status	
generate	POST /	May 30, 00:36:42	May 30, 00:36:42	0ms0.000s	3.38s3.378s	
200
generate	POST /	May 30, 00:36:15	May 30, 00:36:15	0ms0.000s	2.80s2.801s	
200
generate	POST /	May 30, 00:34:57	May 30, 00:34:57	0ms0.000s	38.65s38.652s	
200
generate	POST /	May 30, 00:34:31	May 30, 00:34:31	0ms0.000s	3.15s3.153s	
200
generate	POST /	May 30, 00:34:03	May 30, 00:34:03	0ms0.000s	2.62s2.618s	
200
generate	POST /	May 30, 00:33:37	May 30, 00:33:37	0ms0.000s	1.91s1.913s	
200
generate	POST /	May 30, 00:33:16	May 30, 00:33:16	0ms0.000s	2.10s2.098s	
200
generate	POST /	May 30, 00:32:23	May 30, 00:32:23	0ms0.000s	26.72s26.720s	
200
generate	POST /	May 30, 00:31:49	May 30, 00:31:49	0ms0.000s	6.90s6.903s	
200
generate	POST /	May 30, 00:30:39	May 30, 00:30:39	0ms0.000s	32.17s32.169s	
200
generate	POST /	May 30, 00:26:09	May 30, 00:26:09	0ms0.000s	2.10s2.097s	
200
generate	POST /	May 30, 00:25:44	May 30, 00:25:44	0ms0.000s	2.78s2.782s	
200
generate	POST /	May 30, 00:25:22	May 30, 00:25:22	0ms0.000s	2.05s2.046s	
200
generate	POST /	May 30, 00:24:58	May 30, 00:24:58	0ms0.000s	2.15s2.150s	
200
generate	POST /	May 30, 00:23:54	May 30, 00:23:54	0ms0.000s	30.37s30.369s	
200
generate	POST /	May 30, 00:23:28	May 30, 00:23:28	0ms0.000s	3.16s3.164s	
200
generate	POST /	May 30, 00:23:03	May 30, 00:23:03	0ms0.000s	2.85s2.853s	
200
generate	POST /	May 30, 00:22:00	May 30, 00:22:00	0ms0.000s	28.67s28.669s	
200
generate	POST /	May 30, 00:21:35	May 30, 00:21:35	0ms0.000s	1.87s1.866s	
200
generate	POST /	May 30, 00:20:18	May 30, 00:20:18	0ms0.000s	39.66s39.663s	
200
generate	POST /	May 30, 00:19:47	May 30, 00:19:47	0ms0.000s	3.13s3.129s	
200
generate	POST /	May 30, 00:19:24	May 30, 00:19:25	0ms0.000s	2.14s2.142s	
200
generate	POST /	May 30, 00:19:01	May 30, 00:19:02	0ms0.000s	1.78s1.782s	
200
generate	POST /	May 30, 00:18:36	May 30, 00:18:36	0ms0.000s	4.51s4.510s	
200
generate	POST /	May 30, 00:18:13	May 30, 00:18:14	0ms0.000s	2.31s2.306s	
200
generate	POST /	May 30, 00:17:22	May 30, 00:17:22	0ms0.000s	25.60s25.597s	
200
generate	POST /	May 30, 00:17:01	May 30, 00:17:01	0ms0.000s	1.30s1.300s	
200
generate	POST /	May 30, 00:16:38	May 30, 00:16:38	0ms0.000s	1.98s1.985s	
200
generate	POST /	May 30, 00:16:17	May 30, 00:16:17	0ms0.000s	1.11s1.107s	
200
generate	POST /	May 30, 00:15:16	May 30, 00:15:31	0ms0.000s	5.17s5.166s	
200
generate	POST /	May 29, 23:59:02	May 29, 23:59:02	0ms0.000s	1.46s1.462s	
200
generate	POST /	May 29, 23:58:01	May 29, 23:58:01	0ms0.000s	28.09s28.093s	
200
generate	POST /	May 29, 23:57:03	May 29, 23:57:03	0ms0.000s	7.86s7.861s	
200
generate	POST /	May 29, 23:56:35	May 29, 23:56:35	0ms0.000s	2.78s2.783s	
200
generate	POST /	May 29, 23:56:11	May 29, 23:56:11	0ms0.000s	1.85s1.852s	
200
generate	POST /	May 29, 23:55:46	May 29, 23:55:46	0ms0.000s	1.32s1.320s	
200
generate	POST /	May 29, 23:55:25	May 29, 23:55:25	0ms0.000s	1.71s1.712s	
200
generate	POST /	May 29, 23:55:04	May 29, 23:55:04	0ms0.000s	1.60s1.600s	
200
generate	POST /	May 29, 23:54:11	May 29, 23:54:11	0ms0.000s	19.86s19.856s	
200
generate	POST /	May 29, 23:53:04	May 29, 23:53:04	0ms0.000s	35.99s35.988s	
200
generate	POST /	May 29, 23:52:39	May 29, 23:52:39	0ms0.000s	2.13s2.126s	
200
generate	POST /	May 29, 23:51:29	May 29, 23:51:29	0ms0.000s	30.39s30.386s	
200
generate	POST /	May 29, 23:51:03	May 29, 23:51:03	0ms0.000s	2.57s2.569s	
200
generate	POST /	May 29, 23:50:37	May 29, 23:50:37	0ms0.000s	2.86s2.858s	
200
generate	POST /	May 29, 23:50:13	May 29, 23:50:13	0ms0.000s	2.08s2.084s	
200
generate	POST /	May 29, 23:49:48	May 29, 23:49:48	0ms0.000s	3.93s3.931s	
200
generate	POST /	May 29, 23:49:17	May 29, 23:49:17	0ms0.000s	8.98s8.977s	
200
generate	POST /	May 29, 23:48:56	May 29, 23:48:56	0ms0.000s	1.27s1.270s	
200
generate	POST /	May 29, 23:47:59	May 29, 23:48:14	0ms0.000s	3.82s3.825s	
200
generate	POST /	May 29, 23:39:15	May 29, 23:39:15	0ms0.000s	17.77s17.769s	
200
generate	POST /	May 29, 23:38:20	May 29, 23:38:21	0ms0.000s	31.04s31.036s	
200
generate	POST /	May 29, 23:37:56	May 29, 23:37:56	0ms0.000s	1.61s1.606s	
200
generate	POST /	May 29, 23:36:52	May 29, 23:36:52	0ms0.000s	37.58s37.583s	
200
generate	POST /	May 29, 23:36:26	May 29, 23:36:26	0ms0.000s	2.49s2.492s	
200
generate	POST /	May 29, 23:36:00	May 29, 23:36:00	0ms0.000s	2.36s2.361s	
200
generate	POST /	May 29, 23:35:36	May 29, 23:35:36	0ms0.000s	2.16s2.162s	
200
generate	POST /	May 29, 23:35:13	May 29, 23:35:13	0ms0.000s	1.96s1.956s	
200
generate	POST /	May 29, 23:34:46	May 29, 23:34:46	0ms0.000s	3.63s3.626s	
200
generate	POST /	May 29, 23:34:24	May 29, 23:34:25	0ms0.000s	1.30s1.296s	
200
generate	POST /	May 29, 23:33:24	May 29, 23:33:40	0ms0.000s	3.90s3.897s	
200
generate	POST /	May 29, 23:17:32	May 29, 23:17:32	0ms0.000s	2.10s2.096s	
200
generate	POST /	May 29, 23:17:07	May 29, 23:17:08	0ms0.000s	1.99s1.994s	
200
generate	POST /	May 29, 23:16:36	May 29, 23:16:36	0ms0.000s	8.76s8.765s	
200
generate	POST /	May 29, 23:16:12	May 29, 23:16:12	0ms0.000s	1.37s1.372s	
200
generate	POST /	May 29, 23:14:50	May 29, 23:15:04	0ms0.000s	3.75s3.750s	
200
generate	GET /	May 29, 22:23:25	May 29, 22:23:25	0ms0.000s	311ms0.311s	
405
generate	POST /	May 29, 22:18:46	May 29, 22:18:46	0ms0.000s	2.16s2.165s	
200
generate	POST /	May 29, 22:18:22	May 29, 22:18:22	0ms0.000s	1.98s1.975s	
200
generate	POST /	May 29, 22:17:46	May 29, 22:17:46	0ms0.000s	3.51s3.510s	
200
generate	POST /	May 29, 22:16:59	May 29, 22:16:59	0ms0.000s	4.21s4.206s	
200
generate	GET /	May 29, 22:16:24	May 29, 22:16:24	0ms0.000s	120ms0.120s	
405
generate	GET /	May 29, 22:16:08	May 29, 22:16:08	0ms0.000s	92ms0.092s	
405
generate	POST /	May 29, 22:15:52	May 29, 22:15:52	0ms0.000s	2.18s2.185s	
200
generate	GET /	May 29, 22:11:28	May 29, 22:11:29	0ms0.000s	427ms0.427s	
405
generate	GET /	May 29, 22:07:50	May 29, 22:07:50	0ms0.000s	746ms0.746s	
405
generate	POST /	May 29, 22:03:18	May 29, 22:03:18	0ms0.000s	2.27s2.273s	
200
generate	POST /	May 29, 22:02:50	May 29, 22:02:50	0ms0.000s	4.26s4.264s	
200
generate	POST /	May 29, 22:02:20	May 29, 22:02:20	0ms0.000s	8.75s8.751s	
200
generate	POST /	May 29, 22:01:58	May 29, 22:01:58	0ms0.000s	1.37s1.368s	
200
generate	POST /	May 29, 22:01:05	May 29, 22:01:05	0ms0.000s	3.70s3.700s	
200
generate	POST /	May 29, 21:59:00	May 29, 21:59:00	0ms0.000s	2.46s2.460s	
200
generate	POST /	May 29, 21:55:33	May 29, 21:55:50	0ms0.000s	6.27s6.274s	
200
generate	GET /	May 29, 21:44:51	May 29, 21:44:51	0ms0.000s	276ms0.276s	
405
generate	POST /	May 29, 21:41:54	May 29, 21:41:54	0ms0.000s	2.20s2.199s	
200
generate	POST /	May 29, 21:41:30	May 29, 21:41:30	0ms0.000s	1.84s1.841s	
200
generate	POST /	May 29, 21:41:05	May 29, 21:41:05	0ms0.000s	3.30s3.300s	
200
generate	POST /	May 29, 21:40:43	May 29, 21:40:43	0ms0.000s	1.48s1.480s	
200
generate	POST /	May 29, 21:39:46	May 29, 21:40:01	0ms0.000s	3.81s3.814s	
200
generate	POST /	May 29, 21:32:42	May 29, 21:32:42	0ms0.000s	2.16s2.159s	
200
generate	POST /	May 29, 21:32:17	May 29, 21:32:17	0ms0.000s	2.67s2.674s	
200
generate	POST /	May 29, 21:31:47	May 29, 21:31:47	0ms0.000s	3.62s3.620s	
200
generate	POST /	May 29, 21:31:25	May 29, 21:31:26	0ms0.000s	1.32s1.320s	
200
generate	POST /	May 29, 21:30:25	May 29, 21:30:41	0ms0.000s	4.10s4.104s	
200
generate	POST /	May 29, 20:15:48	May 29, 20:15:48	0ms0.000s	2.39s2.394s	
200
generate	POST /	May 29, 20:12:04	May 29, 20:12:04	0ms0.000s	4.84s4.842s	
200
generate	GET /	May 29, 20:11:29	May 29, 20:11:46	0ms0.000s	142ms0.142s	
Succeeded